"","depth","fit","SD"
"1",1691.0304,28.6408022696951,2.1316282072803e-14
"2",1691.1828,28.6408022696951,3.19744231092045e-14
"3",1691.3352,28.6408022696951,2.8421709430404e-14
"4",1691.4876,28.6408022696951,2.8421709430404e-14
"5",1691.64,28.6408022696951,2.8421709430404e-14
"6",1691.7924,28.6408022696951,2.1316282072803e-14
"7",1691.9448,28.6408022696951,2.8421709430404e-14
"8",1692.0972,28.6408022696951,2.8421709430404e-14
"9",1692.2496,28.6408022696951,2.8421709430404e-14
"10",1692.402,28.6408022696951,2.8421709430404e-14
"11",1692.5544,28.6408022696951,2.8421709430404e-14
"12",1692.7068,28.6408022696951,2.8421709430404e-14
"13",1692.8592,28.6408022696951,2.48689957516035e-14
"14",1693.0116,28.6408022696951,2.8421709430404e-14
"15",1693.164,28.6408022696951,2.8421709430404e-14
"16",1693.3164,28.6408022696951,2.8421709430404e-14
"17",1693.4688,28.6408022696951,2.48689957516035e-14
"18",1693.6212,28.6408022696951,3.19744231092045e-14
"19",1693.7736,28.6408022696951,2.8421709430404e-14
"20",1693.926,28.6408022696951,2.8421709430404e-14
"21",1694.0784,28.6408022696951,2.8421709430404e-14
"22",1694.2308,28.6408022696951,2.8421709430404e-14
"23",1694.3832,28.6408022696951,2.8421709430404e-14
"24",1694.5356,28.6408022696951,3.19744231092045e-14
"25",1694.688,28.6408022696951,2.8421709430404e-14
"26",1694.8404,28.6408022696951,2.48689957516035e-14
"27",1694.9928,28.6408022696951,2.1316282072803e-14
"28",1695.1452,28.6408022696951,2.1316282072803e-14
"29",1695.2976,28.6408022696951,2.1316282072803e-14
"30",1695.45,28.6408022696951,1.4210854715202e-14
"31",1695.6024,28.6408022696951,1.06581410364015e-14
"32",1695.7548,28.6408022696951,7.105427357601e-15
"33",1695.9072,28.6408022696951,7.105427357601e-15
"34",1696.0596,28.6408022696951,3.5527136788005e-15
"35",1696.212,28.6408022696951,0
"36",1696.3644,28.6408022696951,0
"37",1696.5168,28.6408022696951,3.5527136788005e-15
"38",1696.6692,28.6408022696951,7.105427357601e-15
"39",1696.8216,28.6408022696951,7.105427357601e-15
"40",1696.974,28.6408022696951,7.105427357601e-15
"41",1697.1264,28.6408022696951,7.105427357601e-15
"42",1697.2788,28.6408022696951,7.105427357601e-15
"43",1697.4312,28.6408022696951,1.06581410364015e-14
"44",1697.5836,28.6408022696951,1.06581410364015e-14
"45",1697.736,28.6408022696951,1.06581410364015e-14
"46",1697.8884,28.6408022696951,1.06581410364015e-14
"47",1698.0408,28.6408022696951,1.4210854715202e-14
"48",1698.1932,28.6408022696951,1.06581410364015e-14
"49",1698.3456,28.6408022696951,7.105427357601e-15
"50",1698.498,28.6408022696951,7.105427357601e-15
"51",1698.6504,28.6408022696951,3.5527136788005e-15
"52",1698.8028,28.6408022696951,7.105427357601e-15
"53",1698.9552,28.6408022696951,7.105427357601e-15
"54",1699.1076,28.6408022696951,0
"55",1699.26,28.6408022696951,0
"56",1699.4124,28.6408022696951,0
"57",1699.5648,28.6408022696951,0
"58",1699.7172,28.6408022696951,7.105427357601e-15
"59",1699.8696,28.6408022696951,0
"60",1700.022,28.6408022696951,0
"61",1700.1744,28.6408022696951,7.105427357601e-15
"62",1700.3268,28.6408022696951,7.105427357601e-15
"63",1700.4792,28.6408022696951,7.105427357601e-15
"64",1700.6316,28.6408022696951,7.105427357601e-15
"65",1700.784,28.6408022696951,7.105427357601e-15
"66",1700.9364,28.6408022696951,1.06581410364015e-14
"67",1701.0888,28.6408022696951,1.06581410364015e-14
"68",1701.2412,28.6408022696951,1.06581410364015e-14
"69",1701.3936,28.6408022696951,3.5527136788005e-15
"70",1701.546,28.6408022696951,3.5527136788005e-15
"71",1701.6984,28.6408022696951,7.105427357601e-15
"72",1701.8508,28.6408022696951,1.06581410364015e-14
"73",1702.0032,28.6408022696951,7.105427357601e-15
"74",1702.1556,28.6408022696951,7.105427357601e-15
"75",1702.308,28.6408022696951,1.06581410364015e-14
"76",1702.4604,28.6408022696951,1.06581410364015e-14
"77",1702.6128,28.6408022696951,1.4210854715202e-14
"78",1702.7652,28.6408022696951,1.06581410364015e-14
"79",1702.9176,28.6408022696951,1.4210854715202e-14
"80",1703.07,28.6408022696951,1.4210854715202e-14
"81",1703.2224,28.6408022696951,1.4210854715202e-14
"82",1703.3748,28.6408022696951,1.4210854715202e-14
"83",1703.5272,28.6408022696951,2.1316282072803e-14
"84",1703.6796,28.6408022696951,2.1316282072803e-14
"85",1703.832,28.6408022696951,2.1316282072803e-14
"86",1703.9844,28.6408022696951,1.77635683940025e-14
"87",1704.1368,28.6408022696951,1.77635683940025e-14
"88",1704.2892,28.6408022696951,1.4210854715202e-14
"89",1704.4416,28.6408022696951,1.77635683940025e-14
"90",1704.594,28.6408022696951,1.4210854715202e-14
"91",1704.74639999999,28.6408022696951,1.06581410364015e-14
"92",1704.89879999999,28.6408022696951,1.4210854715202e-14
"93",1705.05119999999,28.6408022696951,1.06581410364015e-14
"94",1705.20359999999,28.6408022696951,7.105427357601e-15
"95",1705.35599999999,28.6408022696951,7.105427357601e-15
"96",1705.50839999999,28.6408022696951,0
"97",1705.66079999999,28.6408022696951,3.5527136788005e-15
"98",1705.81319999999,28.6408022696951,3.5527136788005e-15
"99",1705.96559999999,28.6408022696951,0
"100",1706.11799999999,28.6408022696951,0
"101",1706.27039999999,28.6408022696951,0
"102",1706.42279999999,28.6408022696951,7.105427357601e-15
"103",1706.57519999999,28.6408022696951,7.105427357601e-15
"104",1706.72759999999,28.6408022696951,7.105427357601e-15
"105",1706.87999999999,28.6408022696951,1.06581410364015e-14
"106",1707.03239999999,28.6408022696951,1.06581410364015e-14
"107",1707.18479999999,28.6408022696951,1.06581410364015e-14
"108",1707.33719999999,28.6408022696951,1.06581410364015e-14
"109",1707.48959999999,28.6408027573058,4.87610680721673e-07
"110",1707.64199999999,28.640804183986,1.91429085205641e-06
"111",1707.79439999999,28.6408064955078,4.22581268466615e-06
"112",1707.94679999999,28.6408096376434,7.36794832789656e-06
"113",1708.09919999999,28.6408135561651,1.12864699772786e-05
"114",1708.25159999999,28.6408181968449,1.59271497892632e-05
"115",1708.40399999999,28.640823505455,2.12357599345125e-05
"116",1708.55639999999,28.6408294277677,2.7158072576583e-05
"117",1708.70879999999,28.640835909555,3.36398598861365e-05
"118",1708.86119999999,28.6408428965892,4.06268940373877e-05
"119",1709.01359999999,28.6408503346423,4.80649472009986e-05
"120",1709.16599999999,28.6408581694867,5.58997915405257e-05
"121",1709.31839999999,28.6408663468943,6.40771992266309e-05
"122",1709.47079999999,28.6408748126375,7.25429424264235e-05
"123",1709.62319999999,28.6408835124884,8.1242793314118e-05
"124",1709.77559999999,28.6408923922192,9.01225240461656e-05
"125",1709.92799999999,28.6409013976019,9.91279068074391e-05
"126",1710.08039999999,28.6409104744089,0.000108204713757942
"127",1710.23279999999,28.6409195684122,0.000117298717075442
"128",1710.38519999999,28.640928625384,0.000126355688916391
"129",1710.53759999999,28.6409375910966,0.000135321401455002
"130",1710.68999999999,28.6410418208086,0.00023955111349494
"131",1710.84239999999,28.6413283382853,0.000526068590225748
"132",1710.99479999999,28.6417845920585,0.000982322363405785
"133",1711.14719999999,28.6423980306599,0.00159576096479697
"134",1711.29959999999,28.6431561026213,0.00235383292617186
"135",1711.45199999999,28.6440462564744,0.00324398677928528
"136",1711.60439999999,28.645055940751,0.00425367105589913
"137",1711.75679999999,28.6461726039829,0.00537033428776823
"138",1711.90919999999,28.6473836947018,0.00658142500666159
"139",1712.06159999999,28.6486766614395,0.00787439174434823
"140",1712.21399999999,28.6500389527277,0.00923668303257941
"141",1712.36639999999,28.6514580170982,0.0106557474031206
"142",1712.51879999999,28.6529213030828,0.0121190333877301
"143",1712.67119999999,28.6544162592133,0.0136139895181806
"144",1712.82359999999,28.6559303340213,0.0151280643262197
"145",1712.97599999999,28.6574509760387,0.0166487063436165
"146",1713.12839999999,28.6589656337972,0.0181633641021328
"147",1713.28079999999,28.6604617558286,0.0196594861335342
"148",1713.43319999999,28.6619267906647,0.021124520969579
"149",1713.58559999999,28.6633481868371,0.0225459171420255
"150",1713.73799999999,28.6647133928778,0.0239111231826357
"151",1713.89039999999,28.6665398234615,0.0257375537663798
"152",1714.04279999999,28.6693094052679,0.0285071355727844
"153",1714.19519999999,28.6729563548356,0.0321540851404478
"154",1714.34759999999,28.6774148887031,0.0366126190079576
"155",1714.49999999999,28.682619223409,0.0418169537139264
"156",1714.65239999999,28.6885035754921,0.0477013057969558
"157",1714.80479999999,28.6950021614908,0.0541998917956406
"158",1714.95719999999,28.7020491979437,0.0612469282485719
"159",1715.10959999999,28.7095789013895,0.0687766316943552
"160",1715.26199999999,28.7175254883667,0.0767232186715958
"161",1715.41439999999,28.725823175414,0.0850209057188884
"162",1715.56679999999,28.73440617907,0.0936039093748384
"163",1715.71919999999,28.7432087158731,0.10240644617803
"164",1715.87159999999,28.7521650023622,0.111362732667079
"165",1716.02399999999,28.7612092550757,0.120406985380573
"166",1716.17639999999,28.7702756905522,0.129473420857117
"167",1716.32879999999,28.7792985253304,0.13849625563531
"168",1716.48119999999,28.7882119759489,0.147409706253754
"169",1716.63359999999,28.7969502589462,0.156147989251046
"170",1716.78599999999,28.8054475908609,0.164645321165782
"171",1716.93839999999,28.8136381882317,0.172835918536563
"172",1717.09079999999,28.822296651385,0.181494381689848
"173",1717.24319999999,28.8321962824309,0.191394012735746
"174",1717.39559999999,28.8432693505835,0.202467080888365
"175",1717.54799999999,28.8554481250569,0.214645855361798
"176",1717.70039999999,28.8686648750653,0.227862605370149
"177",1717.85279999999,28.8828518698226,0.242049600127523
"178",1718.00519999999,28.8979413785431,0.257139108848005
"179",1718.15759999999,28.9138656704408,0.273063400745698
"180",1718.30999999999,28.9305570147298,0.289754745034703
"181",1718.46239999999,28.9479476806242,0.307145410929124
"182",1718.61479999999,28.9659699373382,0.325167667643061
"183",1718.76719999999,28.9845560540857,0.343753784390607
"184",1718.91959999999,29.003638300081,0.362836030385864
"185",1719.07199999999,29.023148944538,0.382346674842925
"186",1719.22439999999,29.043020256671,0.402217986975902
"187",1719.37679999999,29.063184505694,0.422382235998878
"188",1719.52919999999,29.0835739608211,0.442771691125969
"189",1719.68159999999,29.1041208912664,0.463318621571268
"190",1719.83399999999,29.124757566244,0.483955296548871
"191",1719.98639999999,29.145416254968,0.504613985272876
"192",1720.13879999999,29.1660292266525,0.525226956957393
"193",1720.29119999999,29.1865287505116,0.545726480816505
"194",1720.44359999999,29.2071842399475,0.566381970252397
"195",1720.59599999999,29.2283170535694,0.587514783874276
"196",1720.74839999999,29.2499373784019,0.609135108706802
"197",1720.90079999999,29.2720554014697,0.631253131774624
"198",1721.05319999999,29.2946813097975,0.653879040102414
"199",1721.20559999999,29.3178252904099,0.677023020714827
"200",1721.35799999999,29.3414975303316,0.700695260636522
"201",1721.51039999999,29.3657082165873,0.724905946892147
"202",1721.66279999999,29.3904675362015,0.749665266506369
"203",1721.81519999999,29.415785676199,0.774983406503853
"204",1721.96759999999,29.4416728236044,0.800870553909245
"205",1722.11999999999,29.4681391654423,0.827336895747216
"206",1722.27239999999,29.4951948887375,0.854392619042411
"207",1722.42479999999,29.5228501805146,0.882047910819498
"208",1722.57719999999,29.5511152277982,0.910312958103134
"209",1722.72959999999,29.5800002176131,0.939197947917979
"210",1722.88199999999,29.6095153369838,0.968713067288682
"211",1723.03439999999,29.639670772935,0.998868503239915
"212",1723.18679999999,29.6704767124914,1.02967444279633
"213",1723.33919999999,29.7019433426777,1.06114107298258
"214",1723.49159999999,29.7340808505184,1.09327858082333
"215",1723.64399999999,29.7661970609976,1.12539479130248
"216",1723.79639999999,29.7976641583888,1.15686188869366
"217",1723.94879999999,29.8285888686513,1.18778659895614
"218",1724.10119999999,29.8590779177443,1.21827564804919
"219",1724.25359999999,29.8892380316272,1.24843576193208
"220",1724.40599999999,29.9191759362592,0.979035854304357
"221",1724.55839999999,29.9489983575996,0.807563682656237
"222",1724.71079999999,29.9788120216076,0.634682639058074
"223",1724.86319999999,30.0087236542425,0.562718834246461
"224",1725.01559999999,30.0388399814636,0.49060603812293
"225",1725.16799999999,30.0692677292301,0.418449748738237
"226",1725.32039999999,30.1001136235014,0.346355459880161
"227",1725.47279999999,30.1314843902366,0.274428661058739
"228",1725.62519999999,30.1634867553951,0.202774837491301
"229",1725.77759999999,30.1962274449361,0.131499470087675
"230",1725.92999999999,30.2298131848188,0.0607080354351766
"231",1726.08239999999,30.2643507010027,0.00949399421639541
"232",1726.23479999999,30.2999467194468,0.079001150969777
"233",1726.38719999999,30.3367079661106,0.042239904306026
"234",1726.53959999999,30.3747411669532,0.109674770452806
"235",1726.69199999999,30.4141530479339,0.176097115065843
"236",1726.84439999999,30.4537348180579,0.136515344941813
"237",1726.99679999999,30.4922812102289,0.20417060817962
"238",1727.14919999999,30.5299042362535,0.16654758215498
"239",1727.30159999999,30.5667159079387,0.236306271317325
"240",1727.45399999999,30.6028282370914,0.200193942164628
"241",1727.60639999999,30.6383532355184,0.271609290076622
"242",1727.75879999999,30.6734029150266,0.236559610568417
"243",1727.91119999999,30.7080892874229,0.309184854499193
"244",1728.06359999999,30.742524364514,0.27474977740804
"245",1728.21599999999,30.776820158107,0.348138159086172
"246",1728.36839999999,30.8110886800085,0.31386963718462
"247",1728.52079999999,30.8454419420256,0.387574402813616
"248",1728.67319999999,30.879991955965,0.353024388874218
"249",1728.82559999999,30.9148507336336,0.426598789148073
"250",1728.97799999999,30.9501302868383,0.391319235943378
"251",1729.13039999999,30.9859426273859,0.355506895395742
"252",1729.28279999999,31.0223997670834,0.427859386364688
"253",1729.43519999999,31.0596137177375,0.390645435710585
"254",1729.58759999999,31.0976964911551,0.461750052632418
"255",1729.73999999999,31.1367600991431,0.422686444644398
"256",1729.89239999999,31.1769165535084,0.382529990279139
"257",1730.04479999999,31.2173680164557,0.451644988830907
"258",1730.19719999999,31.2572588360576,0.411754169229031
"259",1730.34959999999,31.2966143029222,0.372398702364386
"260",1730.50199999999,31.3354597076579,0.44350014632726
"261",1730.65439999999,31.3738203408728,0.405139513112342
"262",1730.80679999999,31.4117214931752,0.367238360809925
"263",1730.95919999999,31.4491884551734,0.440099955318377
"264",1731.11159999999,31.4862465174756,0.403041893016205
"265",1731.26399999999,31.52292097069,0.366367439801799
"266",1731.41639999999,31.5592371054249,0.440762894575126
"267",1731.56879999999,31.5952202122885,0.40477978771149
"268",1731.72119999998,31.6308955818891,0.369104418110872
"269",1731.87359999998,31.666288504835,0.33371149516503
"270",1732.02599999998,31.7014242717343,0.409671680569804
"271",1732.17839999998,31.7363281731953,0.374767779108765
"272",1732.33079999998,31.7710254998263,0.340070452477772
"273",1732.48319999998,31.8055415422355,0.417036059579477
"274",1732.63559999998,31.8399015910312,0.382676010783811
"275",1732.78799999998,31.8741309368216,0.348446664993443
"276",1732.94039999998,31.9082548702149,0.314322731600129
"277",1733.09279999998,31.9422986818194,0.392147605757071
"278",1733.24519999998,31.9762876622433,0.358158625333122
"279",1733.39759999998,32.0102258362205,0.32422045135592
"280",1733.54999999998,32.0440766350531,0.290369652523339
"281",1733.70239999998,32.0778044592018,0.368898894079123
"282",1733.85479999998,32.1113737091274,0.33532964415356
"283",1734.00719999998,32.1447487852906,0.301954567990364
"284",1734.15959999998,32.1778940881521,0.268809265128816
"285",1734.31199999998,32.2107740181728,0.348576129113205
"286",1734.46439999998,32.2433529758133,0.315997171472716
"287",1734.61679999998,32.2755953615343,0.283754785751647
"288",1734.76919999998,32.3074655757967,0.251884571489242
"289",1734.92159999998,32.3389280190612,0.220422128224762
"290",1735.07399999998,32.3699470917885,0.302440930841669
"291",1735.22639999998,32.4004871944394,0.271900828190823
"292",1735.37879999998,32.4305127274745,0.241875295155658
"293",1735.53119999998,32.4599880913547,0.212399931275456
"294",1735.68359999998,32.4888776865407,0.183510336089455
"295",1735.83599999998,32.5171459134933,0.268672423556374
"296",1735.98839999998,32.5447571726731,0.241061164376575
"297",1736.14079999998,32.5716758645409,0.214142472508733
"298",1736.29319999998,32.5978663895575,0.187951947492138
"299",1736.44559999998,32.6232931481836,0.162525188866034
"300",1736.59799999998,32.6483003454159,0.25134210757826
"301",1736.75039999998,32.673239620076,0.226402832918168
"302",1736.90279999998,32.6980865233622,0.201555929631979
"303",1737.05519999998,32.7228166064727,0.176825846521417
"304",1737.20759999998,32.7474054206059,0.152237032388207
"305",1737.35999999998,32.7718285169601,0.242033220683403
"306",1737.51239999998,32.7960614467334,0.217800290910048
"307",1737.66479999998,32.8200797611243,0.193781976519226
"308",1737.81719999998,32.8438590113308,0.170002726312646
"309",1737.96959999998,32.8673747485514,0.14648698909204
"310",1738.12199999998,32.8906025239844,0.123259213659125
"311",1738.27439999998,32.9135178888278,0.214959674096228
"312",1738.42679999998,32.9360963942802,0.192381168643884
"313",1738.57919999998,32.9583135915397,0.170163971384405
"314",1738.73159999998,32.9801450318045,0.148332531119529
"315",1738.88399999998,33.0015662662731,0.126911296650967
"316",1739.03639999998,33.0225528461436,0.10592471678045
"317",1739.18879999998,33.0430803226144,0.200410982910874
"318",1739.34119999998,33.0631242468836,0.180367058641615
"319",1739.49359999998,33.0826601701497,0.160831135375588
"320",1739.64599999998,33.1016636436108,0.14182766191449
"321",1739.79839999998,33.120347442071,0.123143863454274
"322",1739.95079999998,33.1389338424051,0.104557463120187
"323",1740.10319999998,33.1574126489174,0.0860786566078886
"324",1740.25559999998,33.1757736659122,0.183130681003725
"325",1740.40799999998,33.1940066976938,0.164897649222063
"326",1740.56039999998,33.2121015485667,0.146802798349228
"327",1740.71279999998,33.230048022835,0.128856324080893
"328",1740.86519999998,33.2478359248031,0.111068422112751
"329",1741.01759999998,33.2654550587754,0.0934492881404765
"330",1741.16999999998,33.2828952290562,0.0760091178597264
"331",1741.32239999998,33.3001462399497,0.174571833411242
"332",1741.47479999998,33.3171978957603,0.157520177600603
"333",1741.62719999998,33.3340400007924,0.140678072568541
"334",1741.77959999998,33.3506623593502,0.124055714010716
"335",1741.93199999998,33.3670547757381,0.107663297622828
"336",1742.08439999998,33.3832070542604,0.0915110191005297
"337",1742.23679999998,33.3991089992214,0.0756090741395141
"338",1742.38919999998,33.4147504149255,0.0599676584354469
"339",1742.54159999998,33.4301211056769,0.160812770261238
"340",1742.69399999998,33.44521087578,0.145723000158121
"341",1742.84639999998,33.4600095295392,0.130924346398992
"342",1742.99879999998,33.4746122271263,0.116321648811834
"343",1743.15119999998,33.4891175450169,0.101816330921224
"344",1743.30359999998,33.5035204119704,0.0874134639677138
"345",1743.45599999998,33.5178157567463,0.0731181191918466
"346",1743.60839999998,33.531998508104,0.058935367834188
"347",1743.76079999998,33.5460635948029,0.161489555751864
"348",1743.91319999998,33.5600059456025,0.147547204952254
"349",1744.06559999998,33.5738204892623,0.133732661292491
"350",1744.21799999998,33.5875021545416,0.120050996013134
"351",1744.37039999998,33.6010458702,0.106507280354734
"352",1744.52279999998,33.6144465649969,0.0931065855578339
"353",1744.67519999998,33.6276991676918,0.0798539828629927
"354",1744.82759999998,33.640798607044,0.0667545435107613
"355",1744.97999999998,33.6537398118131,0.0538133387416906
"356",1745.13239999998,33.6665177107584,0.0410354397963317
"357",1745.28479999998,33.6791272326395,0.145450065324653
"358",1745.43719999998,33.6915633062158,0.133013991748363
"359",1745.58959999998,33.7038208602467,0.120756437717439
"360",1745.74199999998,33.7158948234917,0.108682474472438
"361",1745.89439999998,33.7277801247103,0.096797173253897
"362",1746.04679999998,33.7394716926618,0.0851056053023669
"363",1746.19919999998,33.7509644561058,0.0736128418584201
"364",1746.35159999998,33.7623185777692,0.0622587201949329
"365",1746.50399999998,33.7735946411764,0.0509826567877951
"366",1746.65639999998,33.7847882062821,0.0397890916820529
"367",1746.80879999998,33.7958948330414,0.146112890741534
"368",1746.96119999998,33.8069100814092,0.135097642373729
"369",1747.11359999998,33.8178295113405,0.124178212442438
"370",1747.26599999998,33.8286486827902,0.113359040992727
"371",1747.41839999998,33.8393631557133,0.102644568069636
"372",1747.57079999998,33.8499684900647,0.0920392337181966
"373",1747.72319999998,33.8604602457995,0.081547477983456
"374",1747.87559999998,33.8708339828725,0.0711737409104671
"375",1748.02799999998,33.8810852612387,0.060922462544255
"376",1748.18039999998,33.8912096408531,0.0507980829298731
"377",1748.33279999998,33.9012026816706,0.0408050421123747
"378",1748.48519999998,33.9110599436462,0.0309477801367777
"379",1748.63759999998,33.9207769867348,0.0212307370481497
"380",1748.78999999998,33.9303493708914,0.129496467616093
"381",1748.94239999998,33.939772656071,0.120073182436506
"382",1749.09479999998,33.9490424022285,0.110803436279014
"383",1749.24719999998,33.9581541693189,0.101691669188661
"384",1749.39959999998,33.967103517297,0.0927423212104728
"385",1749.55199999998,33.9759279025111,0.0839179359964106
"386",1749.70439999998,33.9846664284901,0.0751794100173768
"387",1749.85679999998,33.9933171259607,0.0665287125468197
"388",1750.00919999998,34.0018780256493,0.0579678128581875
"389",1750.16159999998,34.0103471582826,0.0494986802249429
"390",1750.31399999998,34.018722554587,0.041123283920534
"391",1750.46639999998,34.0270022452891,0.0328435932184163
"392",1750.61879999998,34.0351842611155,0.0246615773920453
"393",1750.77119999998,34.0432666327926,0.0165792057148835
"394",1750.92359999998,34.0512473910471,0.126845666484101
"395",1751.07599999998,34.0591245666055,0.118968490925702
"396",1751.22839999998,34.0668961901944,0.111196867336865
"397",1751.38079999998,34.0745602925402,0.103532764991051
"398",1751.53319999998,34.0821149043695,0.0959781531617168
"399",1751.68559999998,34.089558056409,0.0885350011222883
"400",1751.83799999998,34.096887779385,0.081205278146264
"401",1751.99039999998,34.1041021040242,0.0739909535070709
"402",1752.14279999998,34.1111990610531,0.0668939964781643
"403",1752.29519999998,34.1181766811982,0.0599163763329997
"404",1752.44759999998,34.1250329951862,0.0530600623450468
"405",1752.59999999998,34.1317660337435,0.0463270237877325
"406",1752.75239999998,34.1383738275967,0.0397192299345406
"407",1752.90479999998,34.1448858977162,0.0332071598149994
"408",1753.05719999998,34.1513315245289,0.0267615330023006
"409",1753.20959999998,34.157708377946,0.020384679585284
"410",1753.36199999998,34.1640141278784,0.0140789296528254
"411",1753.51439999998,34.1702464442375,0.0078466132937649
"412",1753.66679999998,34.1764029969343,0.12034780422713
"413",1753.81919999998,34.1824814558799,0.114269345281485
"414",1753.97159999998,34.1884794909856,0.108271310175837
"415",1754.12399999998,34.1943947721624,0.10235602899904
"416",1754.27639999998,34.2002249693214,0.0965258318399549
"417",1754.42879999998,34.2059677523739,0.0907830487874506
"418",1754.58119999998,34.211620791231,0.0851300099303955
"419",1754.73359999998,34.2171817558038,0.079569045357637
"420",1754.88599999998,34.2226483160034,0.0741024851580434
"421",1755.03839999998,34.2280181417409,0.0687326594204691
"422",1755.19079999998,34.2332889029276,0.0634618982337756
"423",1755.34319999998,34.2384582694745,0.0582925316868455
"424",1755.49559999998,34.2435239112929,0.0532268898685047
"425",1755.64799999998,34.2484834982937,0.0482673028676501
"426",1755.80039999998,34.2533347003883,0.0434161007731078
"427",1755.95279999998,34.2580751874876,0.0386756136737745
"428",1756.10519999998,34.2627141193201,0.0340366818412647
"429",1756.25759999998,34.2672617481704,0.0294890529910319
"430",1756.40999999998,34.2717173827837,0.0250334183776815
"431",1756.56239999998,34.2760803319056,0.0206704692558404
"432",1756.71479999998,34.2803499042813,0.0164008968800857
"433",1756.86719999998,34.2845254086564,0.0122253925050373
"434",1757.01959999998,34.2886061537761,0.00814464738528642
"435",1757.17199999998,34.2925914483859,0.00415935277546708
"436",1757.32439999998,34.2964806012313,0.000270199930142212
"437",1757.47679999998,34.3002729210574,0.115547573578667
"438",1757.62919999998,34.3039677166099,0.111852778026197
"439",1757.78159999998,34.3075642966341,0.108256198002046
"440",1757.93399999998,34.3110619698753,0.104758524760832
"441",1758.08639999998,34.314460045079,0.101360449557156
"442",1758.23879999998,34.3177578309905,0.0980626636456137
"443",1758.39119999998,34.3209546363553,0.0948658582808264
"444",1758.54359999997,34.3240497699187,0.091770724717378
"445",1758.69599999997,34.3270425404262,0.0887779542098883
"446",1758.84839999997,34.3299322566232,0.0858882380129629
"447",1759.00079999997,34.3327182272549,0.0831022673811859
"448",1759.15319999997,34.3353997610669,0.0804207335691842
"449",1759.30559999997,34.3379761668046,0.0778443278315564
"450",1759.45799999997,34.3392662083183,0.0765542863178155
"451",1759.61039999997,34.3381968668327,0.0776236278034048
"452",1759.76279999997,34.3349297771543,0.0808907174817719
"453",1759.91519999997,34.3296265740898,0.0861939205463642
"454",1760.06759999997,34.3224488924455,0.0933716021906221
"455",1760.21999999997,34.3135583670281,0.102262127608022
"456",1760.37239999997,34.3031166326441,0.11270386199201
"457",1760.52479999997,34.2912853241001,0.124535170536035
"458",1760.67719999997,34.2782260762026,0.137594418433544
"459",1760.82959999997,34.2641005237581,0.151719970877998
"460",1760.98199999997,34.2490703015733,0.166750193062846
"461",1761.13439999997,34.2332970444546,0.182523450181542
"462",1761.28679999997,34.2169423872086,0.198878107427547
"463",1761.43919999997,34.2001679646418,0.215652529994301
"464",1761.59159999997,34.1831354115608,0.232685083075268
"465",1761.74399999997,34.1660063627722,0.249814131863879
"466",1761.89639999997,34.1489424530825,0.266878041553618
"467",1762.04879999997,34.1321053172982,0.283715177337911
"468",1762.20119999997,34.1156565902259,0.300163904410219
"469",1762.35359999997,34.0997579066721,0.316062587964012
"470",1762.50599999997,34.0845709014434,0.331249593192723
"471",1762.65839999997,34.0669027246482,0.348917769987899
"472",1762.81079999997,34.0436979251354,0.372122569500718
"473",1762.96319999997,34.0153242358221,0.400496258814016
"474",1763.11559999997,33.9821493896255,0.433671105010639
"475",1763.26799999997,33.9445411194627,0.471279375173431
"476",1763.42039999997,33.9028671582509,0.512953336385245
"477",1763.57279999997,33.8574952389072,0.558325255728938
"478",1763.72519999997,33.8087930943488,0.607027400287357
"479",1763.87759999997,33.7571284574928,0.658692037143339
"480",1764.02999999997,33.7028690612564,0.712951433379743
"481",1764.18239999997,33.6463826385567,0.769437856079414
"482",1764.33479999997,33.5880369223109,0.82778357232521
"483",1764.48719999997,33.5281996454361,0.887620849199969
"484",1764.63959999997,33.4672385408496,0.948581953786537
"485",1764.79199999997,33.4055213414683,1.01029915316777
"486",1764.94439999997,33.3434157802096,1.07240471442653
"487",1765.09679999997,33.2812895899905,1.13453090464564
"488",1765.24919999997,33.2195105037282,1.19630999090796
"489",1765.40159999997,33.1584462543398,1.25737424029634
"490",1765.55399999997,33.0984645747425,1.31735591989363
"491",1765.70639999997,33.0399331978534,1.37588729678269
"492",1765.85879999997,32.9812699652124,1.43455052942376
"493",1766.01119999997,32.9206535936651,1.49516690097104
"494",1766.16359999997,32.858093129088,1.55772736554816
"495",1766.31599999997,32.7935976173573,1.74170595078438
"496",1766.46839999997,32.7271761043495,1.80812746379222
"497",1766.62079999997,32.6588376359408,1.87646593220092
"498",1766.77319999997,32.5885912580075,1.94671231013413
"499",1766.92559999997,32.5164460164261,2.01885755171555
"500",1767.07799999997,32.4424109570729,2.09289261106883
"501",1767.23039999997,32.3664951258241,2.16880844231762
"502",1767.38279999997,32.2887075685561,2.24659599958561
"503",1767.53519999997,32.2090573311452,2.32624623699647
"504",1767.68759999997,32.1275534594678,2.40775010867385
"505",1767.83999999997,32.0442049994002,2.49109856874144
"506",1767.99239999997,31.9590209968188,2.57628257132288
"507",1768.14479999997,31.8720104975998,2.66329307054185
"508",1768.29719999997,31.7831825476196,2.75212102052203
"509",1768.44959999997,31.6925461927546,2.84275737538707
"510",1768.60199999997,31.600110478881,2.93519308926064
"511",1768.75439999997,31.5058844518753,3.02941911626641
"512",1768.90679999997,31.4098771576136,3.12542641052806
"513",1769.05919999997,31.315477014124,3.21982655401771
"514",1769.21159999997,31.2257260344259,3.30957753371578
"515",1769.36399999997,31.1401136568834,3.39518991125826
"516",1769.51639999997,31.0581293198605,3.4771742482812
"517",1769.66879999997,30.9792624617211,3.55604110642061
"518",1769.82119999997,30.9030025208292,3.6323010473125
"519",1769.97359999997,30.8288389355488,3.70646463259293
"520",1770.12599999997,30.7562611442438,3.77904242389788
"521",1770.27839999997,30.6847585852783,3.85054498286341
"522",1770.43079999997,30.6138206970162,3.92148287112552
"523",1770.58319999997,30.5429369178215,3.99236665032023
"524",1770.73559999997,30.4715966860581,4.06370688208358
"525",1770.88799999997,30.3992894400901,4.13601412805159
"526",1771.04039999997,30.3255046182814,4.20979894986028
"527",1771.19279999997,30.249731658996,4.28557190914566
"528",1771.34519999997,30.1714600005979,4.36384356754378
"529",1771.49759999997,30.090179081451,4.44512448669064
"530",1771.64999999997,30.0053783399194,3.88273512029257
"531",1771.80239999997,29.916547214367,3.32437613791529
"532",1771.95479999997,29.8231751431577,2.77055810119484
"533",1772.10719999997,29.7247515646557,2.22179157176722
"534",1772.25959999997,29.6207659172247,1.67858711126847
"535",1772.41199999997,29.5173557138989,1.13480720666454
"536",1772.56439999997,29.4206025028552,0.584370309778638
"537",1772.71679999997,29.3299117751714,0.0278709295326678
"538",1772.86919999997,29.2446890219259,0.534096425151478
"539",1773.02159999997,29.1643397341966,1.10093724535191
"540",1773.17399999997,29.0882694030617,1.67205702214673
"541",1773.32639999997,29.0158835195993,2.24686124661403
"542",1773.47879999997,28.9465875748875,2.82475540983193
"543",1773.63119999997,28.8797870600044,3.40514500287851
"544",1773.78359999997,28.8148874660281,3.98743551683191
"545",1773.93599999997,28.7512942840367,4.5710324427702
"546",1774.08839999997,28.6884130051083,5.15534127177149
"547",1774.24079999997,28.625649120321,5.7397674949139
"548",1774.39319999997,28.5624081207529,6.32371660327552
"549",1774.54559999997,28.4980954974822,6.18219683587566
"550",1774.69799999997,28.4321167415868,6.03874289206368
"551",1774.85039999997,28.363877344145,5.89275933233704
"552",1775.00279999997,28.2927827962348,5.82166478442685
"553",1775.15519999997,28.2182385889344,5.66910650666204
"554",1775.30759999997,28.1396502133217,5.5122332153522
"555",1775.45999999997,28.056423160475,5.35044946126892
"556",1775.61239999997,27.9718273548996,5.18702422534641
"557",1775.76479999997,27.8895135581965,5.02560732233905
"558",1775.91719999997,27.8094585170881,4.86617454883488
"559",1776.06959999997,27.7316389782965,4.70870169812333
"560",1776.22199999997,27.6560316885437,4.55316456018372
"561",1776.37439999997,27.5826133945519,4.39953892167383
"562",1776.52679999997,27.5113608430433,4.24780056591829
"563",1776.67919999997,27.4422507807399,4.09792527289712
"564",1776.83159999997,27.375259954364,3.94988881923399
"565",1776.98399999997,27.3103651106376,3.80366697818469
"566",1777.13639999997,27.2475429962829,3.65923551962531
"567",1777.28879999997,27.1867703580221,3.51657021004068
"568",1777.44119999997,27.1280239425772,3.29318453261394
"569",1777.59359999997,27.0712804966704,3.15369251851136
"570",1777.74599999997,27.0165167670238,3.01589293845071
"571",1777.89839999997,26.9637095003596,2.8797615417825
"572",1778.05079999997,26.9128354433999,2.74527407439466
"573",1778.20319999997,26.8638713428668,2.52821129101063
"574",1778.35559999997,26.8167939454825,2.39664660211352
"575",1778.50799999997,26.7715799979691,2.26665204445893
"576",1778.66039999997,26.7282062470487,2.05283304052163
"577",1778.81279999997,26.6845524614734,1.9235125647952
"578",1778.96519999997,26.6388132822508,1.79180928221757
"579",1779.11759999997,26.5914377644861,1.57160918437112
"580",1779.26999999997,26.5428749632846,1.43618383058854
"581",1779.42239999997,26.4935739337514,1.21225195412336
"582",1779.57479999997,26.443983730992,1.07489135946287
"583",1779.72719999997,26.3945534101114,0.84900504669865
"584",1779.87959999997,26.3457320262151,0.443581096698047
"585",1780.03199999997,26.2979686344082,0.383586868974405
"586",1780.18439999997,26.2517122897961,0.325099688445491
"587",1780.33679999997,26.2074120474839,0.268568610216551
"588",1780.48919999997,26.165516962577,0.214442689392847
"589",1780.64159999997,26.1264760901806,0.163170981079638
"590",1780.79399999997,26.0907384853999,0.115202540382192
"591",1780.94639999997,26.0587532033402,0.0709864224057668
"592",1781.09879999997,26.0309692991069,0.0309716822556183
"593",1781.25119999997,26.007835827805,0.00439262496298909
"594",1781.40359999997,25.98980184454,0.0346574441447949
"595",1781.55599999997,25.977316404417,0.0593737201845421
"596",1781.70839999997,25.9708285625413,0.0780923979769703
"597",1781.86079999997,25.9707873740183,0.090364422416819
"598",1782.01319999997,25.9731938720845,0.100188760267393
"599",1782.16559999997,25.9739218532168,0.111691615051804
"600",1782.31799999997,25.9732295173809,0.124614786804486
"601",1782.47039999997,25.9713750645423,0.138700075559896
"602",1782.62279999997,25.9686166946665,0.153689281352463
"603",1782.77519999997,25.9652126077191,0.169324204216633
"604",1782.92759999997,25.9614210036656,0.185346644186854
"605",1783.07999999997,25.9575000824717,0.20149840129757
"606",1783.23239999997,25.9537080441028,0.21752127558322
"607",1783.38479999997,25.9503030885246,0.233157067078238
"608",1783.53719999997,25.9475434157025,0.248147575817082
"609",1783.68959999997,25.9456872256021,0.262234601834191
"610",1783.84199999997,25.9449927181891,0.275159945164006
"611",1783.99439999997,25.9457180934289,0.286665405840967
"612",1784.14679999997,25.9481215512871,0.29649278389952
"613",1784.29919999997,25.9524612917293,0.304383879374107
"614",1784.45159999997,25.958995514721,0.310080492299178
"615",1784.60399999997,25.9679824202278,0.313324422709162
"616",1784.75639999997,25.9796802082152,0.31385747063851
"617",1784.90879999997,25.9943470786488,0.311421436121663
"618",1785.06119999997,26.0122412314942,0.305758119193072
"619",1785.21359999997,26.0336208667169,0.296609319887168
"620",1785.36599999996,26.0569323425571,0.285528679963708
"621",1785.51839999996,26.0804167533199,0.274275105117727
"622",1785.67079999996,26.1040244030678,0.262898291286582
"623",1785.82319999996,26.1277055958635,0.251447934407633
"624",1785.97559999996,26.1514106357697,0.239973730418239
"625",1786.12799999996,26.1750898268489,0.22852537525576
"626",1786.28039999996,26.1986934731639,0.217152564857557
"627",1786.43279999996,26.2221718787772,0.205904995160992
"628",1786.58519999996,26.2454753477515,0.194832362103423
"629",1786.73759999996,26.2685541841495,0.183984361622205
"630",1786.88999999996,26.2913586920338,0.173410689654705
"631",1787.04239999996,26.313839175467,0.163161042138274
"632",1787.19479999996,26.3359459385118,0.153285115010288
"633",1787.34719999996,26.3576292852307,0.143832604208086
"634",1787.49959999996,26.3788395196865,0.134853205669046
"635",1787.65199999996,26.3995269459418,0.12639661533052
"636",1787.80439999996,26.4196418680593,0.11851252912987
"637",1787.95679999996,26.4391345901015,0.111250643004446
"638",1788.10919999996,26.4579554161311,0.104660652891621
"639",1788.26159999996,26.4760546502107,0.0987922547287461
"640",1788.41399999996,26.493382596403,0.0936951444531928
"641",1788.56639999996,26.5104051150695,0.088903461703449
"642",1788.71879999996,26.5275939138986,0.0839454987911523
"643",1788.87119999996,26.5449080679432,0.0788621806633216
"644",1789.02359999996,26.5623066522563,0.0736944322670219
"645",1789.17599999996,26.5797487418908,0.0684831785492719
"646",1789.32839999996,26.5971934118997,0.0632693444571188
"647",1789.48079999996,26.614599737336,0.0580938549375958
"648",1789.63319999996,26.6319267932526,0.0529976349377534
"649",1789.78559999996,26.6491336547025,0.0480216094046213
"650",1789.93799999996,26.6661793967387,0.0432067032852466
"651",1790.09039999996,26.683023094414,0.0385938415266587
"652",1790.24279999996,26.6996238227816,0.0342239490759084
"653",1790.39519999996,26.7159406568942,0.0301379508800252
"654",1790.54759999996,26.731932671805,0.0263767718860493
"655",1790.69999999996,26.7475589425667,0.0229813370410241
"656",1790.85239999996,26.7627785442325,0.0199925712919935
"657",1791.00479999996,26.7775505518553,0.0174513995859904
"658",1791.15719999996,26.791834040488,0.0153987468700478
"659",1791.30959999996,26.8055880851836,0.0138755380912166
"660",1791.46199999996,26.8187717609951,0.0129226981965331
"661",1791.61439999996,26.8313441429754,0.0125811521330341
"662",1791.76679999996,26.8433627231735,0.0127934078516887
"663",1791.91919999996,26.8549318598841,0.0134551070578155
"664",1792.07159999996,26.8660809275287,0.0145368753299628
"665",1792.22399999996,26.8768393005288,0.0160093382466862
"666",1792.37639999996,26.8872363533057,0.0178431213865373
"667",1792.52879999996,26.897301460281,0.0200088503280575
"668",1792.68119999996,26.907063995876,0.0224771506498058
"669",1792.83359999996,26.9165533345122,0.0252186479303376
"670",1792.98599999996,26.9257988506111,0.0282039677482011
"671",1793.13839999996,26.9348299185942,0.0314037356819412
"672",1793.29079999996,26.9436759128827,0.0347885773101204
"673",1793.44319999996,26.9523662078984,0.0383291182112799
"674",1793.59559999996,26.9609301780624,0.0419959839639787
"675",1793.74799999996,26.9693971977964,0.0457598001467616
"676",1793.90039999996,26.9777966415218,0.0495911923381946
"677",1794.05279999996,26.9861578836599,0.0534607861168155
"678",1794.20519999996,26.9945102986323,0.0573392070611725
"679",1794.35759999996,27.0028832608604,0.0611970807498281
"680",1794.50999999996,27.0113061447657,0.0650050327613307
"681",1794.66239999996,27.0198083247696,0.0687336886742322
"682",1794.81479999996,27.0284191752935,0.0723536740670845
"683",1794.96719999996,27.0366406681954,0.076363017081956
"684",1795.11959999996,27.0439898390481,0.0812446821459893
"685",1795.27199999996,27.0505186578455,0.0869466992653436
"686",1795.42439999996,27.0562790945815,0.0934170984461673
"687",1795.57679999996,27.0613231192498,0.100603909694613
"688",1795.72919999996,27.0657027018444,0.108455163016828
"689",1795.88159999996,27.069469812359,0.116918888418972
"690",1796.03399999996,27.0726764207875,0.125943115907202
"691",1796.18639999996,27.0753744971238,0.135475875487668
"692",1796.33879999996,27.0776160113618,0.145465197166516
"693",1796.49119999996,27.0794529334951,0.155859110949901
"694",1796.64359999996,27.0809372335178,0.166605646843983
"695",1796.79599999996,27.0821208814237,0.177652834854918
"696",1796.94839999996,27.0830558472065,0.188948704988842
"697",1797.10079999996,27.0837941008602,0.20044128725192
"698",1797.25319999996,27.0843876123786,0.212078611650306
"699",1797.40559999996,27.0848883517555,0.223808708190152
"700",1797.55799999996,27.0853482889848,0.2355796068776
"701",1797.71039999996,27.0858193940604,0.247339337718817
"702",1797.86279999996,27.086353636976,0.259035930719957
"703",1798.01519999996,27.0870029877256,0.270617415887155
"704",1798.16759999996,27.0878194163029,0.282031823226582
"705",1798.31999999996,27.0884297208627,0.293652354583593
"706",1798.47239999996,27.0884385436946,0.305874367668483
"707",1798.62479999996,27.087864620995,0.318679126284817
"708",1798.77719999996,27.0867266889605,0.332047894236148
"709",1798.92959999996,27.0850434837873,0.345961935326041
"710",1799.08199999996,27.0828337416721,0.360402513358046
"711",1799.23439999996,27.0801161988112,0.375350892135739
"712",1799.38679999996,27.076909591401,0.390788335462659
"713",1799.53919999996,27.0732326556381,0.406696107142388
"714",1799.69159999996,27.0691041277188,0.423055470978454
"715",1799.84399999996,27.0645427438395,0.439847690774446
"716",1799.99639999996,27.0595672401969,0.457054030333907
"717",1800.14879999996,27.0541963529871,0.474655753460407
"718",1800.30119999996,27.0484488184068,0.492634123957494
"719",1800.45359999996,27.0423433726523,0.510970405628736
"720",1800.60599999996,27.0358987519202,0.52964586227769
"721",1800.75839999996,27.0291336924067,0.548641757707909
"722",1800.91079999996,27.0220669303084,0.56793935572296
"723",1801.06319999996,27.0147172018218,0.587519920126397
"724",1801.21559999996,27.0071032431431,0.607364714721783
"725",1801.36799999996,26.999243790469,0.627455003312679
"726",1801.52039999996,26.9914169857657,0.647512643932725
"727",1801.67279999996,26.983851411401,0.66730905421425
"728",1801.82519999996,26.9764914641732,0.686899837358844
"729",1801.97759999996,26.9692815408807,0.706340596568115
"730",1802.12999999996,26.9621660383219,0.72568693504364
"731",1802.28239999996,26.9550893532953,0.744994455987019
"732",1802.43479999996,26.9479958825993,0.764318762599842
"733",1802.58719999996,26.9408300230322,0.783715458083705
"734",1802.73959999996,26.9335361713924,0.803240145640203
"735",1802.89199999996,26.9260587244785,0.822948428470919
"736",1803.04439999996,26.9183420790887,0.84289590977745
"737",1803.19679999996,26.9103306320215,0.659146478763006
"738",1803.34919999996,26.9019687800754,0.572125185932759
"739",1803.50159999996,26.8932009200486,0.48583990179468
"740",1803.65399999996,26.8839714487396,0.400345087834996
"741",1803.80639999996,26.8742247629469,0.410091773627737
"742",1803.95879999996,26.8639052594688,0.326014712968032
"743",1804.11119999996,26.8529573351037,0.24289266049718
"744",1804.26359999996,26.84132538665,0.25452460895082
"745",1804.41599999996,26.8289538109062,0.173151665254323
"746",1804.56839999996,26.8157870046707,0.186318471489869
"747",1804.72079999996,26.8017693647418,0.106915923377048
"748",1804.87319999996,26.7878069767296,0.120878311389216
"749",1805.02559999996,26.7747761824462,0.0408121269281807
"750",1805.17799999996,26.7625767629927,0.0530115463816543
"751",1805.33039999996,26.7511084994705,0.0282950777626887
"752",1805.48279999996,26.7402711729809,0.017457751273092
"753",1805.63519999996,26.7299645646252,0.00715114291739738
"754",1805.78759999996,26.7200884555047,0.0897289447359242
"755",1805.93999999996,26.7105426267207,0.0801831159519004
"756",1806.09239999996,26.7012268593745,0.0708673486056668
"757",1806.24479999996,26.6920409345673,0.153815468505179
"758",1806.39719999996,26.6828846334006,0.144659167338428
"759",1806.54959999996,26.6736577369755,0.227247556040712
"760",1806.70199999996,26.6642600263934,0.217849845458627
"761",1806.85439999996,26.6545912827556,0.208181101820834
"762",1807.00679999996,26.6445512871634,0.198141106228615
"763",1807.15919999996,26.6340398207181,0.279127268155737
"764",1807.31159999996,26.6229566645209,0.268044111958588
"765",1807.46399999996,26.6112015996733,0.256289047110922
"766",1807.61639999996,26.5986744072764,0.334942925340421
"767",1807.76879999996,26.5852748684316,0.321543386495609
"768",1807.92119999996,26.5709027642401,0.307171282304179
"769",1808.07359999996,26.5564179713122,0.292686489376283
"770",1808.22599999996,26.5427142077373,0.369848333888328
"771",1808.37839999996,26.5297420168357,0.35687614298666
"772",1808.53079999996,26.5174519419275,0.344586068078481
"773",1808.68319999996,26.505794526333,0.332928652484043
"774",1808.83559999996,26.4947203133726,0.321854439523584
"775",1808.98799999996,26.4841798463664,0.401865209482342
"776",1809.14039999996,26.4741236686346,0.391809031750601
"777",1809.29279999996,26.4645023234976,0.382187686613587
"778",1809.44519999996,26.4552663542756,0.372951717391558
"779",1809.59759999996,26.4463663042888,0.364051667404755
"780",1809.74999999996,26.4377527168574,0.445676033457907
"781",1809.90239999996,26.4293761353018,0.437299451902298
"782",1810.05479999996,26.4211871029422,0.429110419542667
"783",1810.20719999996,26.4131361630988,0.421059479699252
"784",1810.35959999996,26.4051738590918,0.413097175692307
"785",1810.51199999996,26.3972507342416,0.405174050842081
"786",1810.66439999996,26.3893173318684,0.397240648468816
"787",1810.81679999996,26.3813241952923,0.389247511892769
"788",1810.96919999996,26.3732218678337,0.471070938316647
"789",1811.12159999996,26.3649608928128,0.462809963295772
"790",1811.27399999996,26.3564918135499,0.454340884032856
"791",1811.42639999996,26.3480480133894,0.445897083872353
"792",1811.57879999996,26.3399062515499,0.437755322032842
"793",1811.73119999996,26.3320821351628,0.429931205645737
"794",1811.88359999996,26.3245912713595,0.422440341842449
"795",1812.03599999996,26.3174492672715,0.415298337754415
"796",1812.18839999995,26.3106717300301,0.408520800513049
"797",1812.34079999995,26.3042742667668,0.402123337249773
"798",1812.49319999995,26.2982724846131,0.396121555095998
"799",1812.64559999995,26.2926819907002,0.390531061183161
"800",1812.79799999995,26.2875183921597,0.38536746264267
"801",1812.95039999995,26.282797296123,0.380646366605948
"802",1813.10279999995,26.2785343097215,0.376383380204416
"803",1813.25519999995,26.2747450400866,0.372594110569494
"804",1813.40759999995,26.2714450943497,0.369294164832606
"805",1813.55999999995,26.2686500796422,0.366499150125165
"806",1813.71239999995,26.2663756030957,0.364224673578597
"807",1813.86479999995,26.2646372718414,0.362486342324324
"808",1814.01719999995,26.2634506930108,0.361299763493761
"809",1814.16959999995,26.2628314737354,0.360680544218337
"810",1814.32199999995,26.2627952211465,0.360644291629455
"811",1814.47439999995,26.2633575423756,0.361206612858552
"812",1814.62679999995,26.2642099044004,0.362058974883286
"813",1814.77919999995,26.2650594706745,0.362908541157378
"814",1814.93159999995,26.2659453930434,0.273868709643864
"815",1815.08399999995,26.2669068233527,0.274830139953195
"816",1815.23639999995,26.267982913448,0.275906230048424
"817",1815.38879999995,26.2692128151746,0.277136131775052
"818",1815.54119999995,26.2706356803781,0.2785589969786
"819",1815.69359999995,26.2722906609041,0.28021397750457
"820",1815.84599999995,26.274216908598,0.282140225198479
"821",1815.99839999995,26.2764535753054,0.28437689190584
"822",1816.15079999995,26.2790398128717,0.286963129472163
"823",1816.30319999995,26.2820147731425,0.199700136258482
"824",1816.45559999995,26.2854176079633,0.203102971079264
"825",1816.60799999995,26.2892874691796,0.206972832295545
"826",1816.76039999995,26.2936635086369,0.211348871752833
"827",1816.91279999995,26.2985848781807,0.216270241296641
"828",1817.06519999995,26.3040907296565,0.221776092772476
"829",1817.21759999995,26.3102202149099,0.227905578025865
"830",1817.36999999995,26.3170124857863,0.234697848902307
"831",1817.52239999995,26.3245066941313,0.151640820282338
"832",1817.67479999995,26.3327419917904,0.159876117941426
"833",1817.82719999995,26.3412681610038,0.168402287154755
"834",1817.97959999995,26.349633140807,0.176767266958041
"835",1818.13199999995,26.3578733182391,0.185007444390127
"836",1818.28439999995,26.3660250803388,0.193159206489838
"837",1818.43679999995,26.374124814145,0.110393332209082
"838",1818.58919999995,26.3822089066965,0.118477424760599
"839",1818.74159999995,26.3903137450322,0.126582263096264
"840",1818.89399999995,26.3984757161909,0.134744234254924
"841",1819.04639999995,26.4067312072114,0.142999725275416
"842",1819.19879999995,26.4151166051325,0.151385123196594
"843",1819.35119999995,26.4236682969932,0.0687557444308879
"844",1819.50359999995,26.4324226698323,0.0775101172699344
"845",1819.65599999995,26.4414161106885,0.0865035581261751
"846",1819.80839999995,26.4506850066008,0.0957724540384532
"847",1819.96079999995,26.4602657446079,0.105353192045598
"848",1820.11319999995,26.4701947117488,0.115282159186467
"849",1820.26559999995,26.4805082950622,0.0340981141274312
"850",1820.41799999995,26.491242881587,0.044832700652254
"851",1820.57039999995,26.5024348583621,0.0560246774273061
"852",1820.72279999995,26.5141206124262,0.067710431491431
"853",1820.87519999995,26.5263365308183,0.0799263498834684
"854",1821.02759999995,26.5386702779452,0.092260097010378
"855",1821.17999999995,26.5507051739676,0.0124797079054879
"856",1821.33239999995,26.5624710895551,0.0242456234929627
"857",1821.48479999995,26.573997895377,0.0357724293148785
"858",1821.63719999995,26.5853154621028,0.0470899960406967
"859",1821.78959999995,26.596453660402,0.0582281943398577
"860",1821.94199999995,26.6074423609439,0.0692168948818015
"861",1822.09439999995,26.6183114343981,0.0120480763706716
"862",1822.24679999995,26.629090751434,0.0012687593348133
"863",1822.39919999995,26.639810182721,0.00945067195216609
"864",1822.55159999995,26.6504995989285,0.0201400881597245
"865",1822.70399999995,26.6611888707261,0.0308293599572913
"866",1822.85639999995,26.6719078687831,0.0509055529247107
"867",1823.00879999995,26.6826864637691,0.0401269579387673
"868",1823.16119999995,26.6935545263534,0.0292588953544701
"869",1823.31359999995,26.7045419272054,0.0182714945023825
"870",1823.46599999995,26.7156785369948,0.00713488471304657
"871",1823.61839999995,26.7269942263908,0.00418080468298854
"872",1823.77079999995,26.738518866063,0.0770694433113768
"873",1823.92319999995,26.7502823266807,0.0653059826936264
"874",1824.07559999995,26.7623144789135,0.0532738304608422
"875",1824.22799999995,26.7746451934308,0.0409431159435911
"876",1824.38039999995,26.7868859345718,0.0287023748026023
"877",1824.53279999995,26.7986497454855,0.110035542633337
"878",1824.68519999995,26.8099688650562,0.0987164230626725
"879",1824.83759999995,26.8208755321679,0.0878097559510032
"880",1824.98999999995,26.8314019857047,0.0772833024142017
"881",1825.14239999995,26.8415804645507,0.0671048235681511
"882",1825.29479999995,26.8514432075901,0.0572420805287486
"883",1825.44719999995,26.861022453707,0.141083022453579
"884",1825.59959999995,26.8703504417855,0.131755034375111
"885",1825.75199999995,26.8794594107096,0.122646065450937
"886",1825.90439999995,26.8883815993636,0.113723876796943
"887",1826.05679999995,26.8971492466316,0.104956229529002
"888",1826.20919999995,26.9057945913976,0.0963108847630174
"889",1826.36159999995,26.9143498725457,0.181500123055152
"890",1826.51399999995,26.9228473289602,0.173002666640709
"891",1826.66639999995,26.931319199525,0.164530796075859
"892",1826.81879999995,26.9397977231244,0.156052272476497
"893",1826.97119999995,26.9483151386424,0.147534856958497
"894",1827.12359999995,26.9569036849631,0.138946310637749
"895",1827.27599999995,26.9655956009707,0.130254394630136
"896",1827.42839999995,26.9744231255493,0.215496846887479
"897",1827.58079999995,26.983014916822,0.206905055614822
"898",1827.73319999995,26.9909982076575,0.198921764779282
"899",1827.88559999995,26.9984030990587,0.191516873378134
"900",1828.03799999995,27.0052596920281,0.184660280408654
"901",1828.19039999995,27.0115980875687,0.178321884868112
"902",1828.34279999995,27.017448386683,0.172471585753772
"903",1828.49519999995,27.0228406903739,0.261475846200746
"904",1828.64759999995,27.027805099644,0.256511436930658
"905",1828.79999999995,27.032371715496,0.251944821078599
"906",1828.95239999995,27.0365706389328,0.247745897641838
"907",1829.10479999995,27.040431970957,0.243884565617662
"908",1829.25719999995,27.0439858125713,0.240330724003329
"909",1829.40959999995,27.0472622647785,0.237054271796129
"910",1829.56199999995,27.0502914285813,0.234025107993325
"911",1829.71439999995,27.0531034049824,0.231213131592192
"912",1829.86679999995,27.0557282949846,0.228588241590003
"913",1830.01919999995,27.0581961995906,0.320844622252686
"914",1830.17159999995,27.0605372198031,0.318503602040206
"915",1830.32399999995,27.0627814566248,0.316259365218492
"916",1830.47639999995,27.0649590110585,0.31408181078482
"917",1830.62879999995,27.0670999841068,0.311940837736458
"918",1830.78119999995,27.0688247108036,0.310216111039654
"919",1830.93359999995,27.0697548914838,0.309285930359504
"920",1831.08599999995,27.0699226751017,0.309118146741543
"921",1831.23839999995,27.0693602106119,0.309680611231336
"922",1831.39079999995,27.0680996469689,0.310941174874412
"923",1831.54319999995,27.066173133127,0.312867688716317
"924",1831.69559999995,27.0636128180407,0.315428003802595
"925",1831.84799999995,27.0604508506645,0.318589971178806
"926",1832.00039999995,27.0567193799528,0.322321441890477
"927",1832.15279999995,27.0524505548601,0.32659026698316
"928",1832.30519999995,27.0476765243409,0.3313642975024
"929",1832.45759999995,27.0424294373495,0.336611384493736
"930",1832.60999999995,27.0367414428405,0.342299379002728
"931",1832.76239999995,27.0306446897684,0.348396132074907
"932",1832.91479999995,27.0241713270875,0.354869494755825
"933",1833.06719999995,27.0173535037523,0.361687318091025
"934",1833.21959999995,27.0102233687172,0.368817453126049
"935",1833.37199999995,27.0028130709368,0.376227750906438
"936",1833.52439999995,26.9951547593655,0.383886062477753
"937",1833.67679999995,26.9872805829578,0.391760238885524
"938",1833.82919999995,26.979222690668,0.399818131175309
"939",1833.98159999995,26.9707028583751,0.408337963468149
"940",1834.13399999995,26.9614326276394,0.417608194203829
"941",1834.28639999995,26.9514287959373,0.427612025905969
"942",1834.43879999995,26.9407081607451,0.438332661098194
"943",1834.59119999995,26.9292875195392,0.449753302304124
"944",1834.74359999995,26.9171836697959,0.367132866778739
"945",1834.89599999995,26.9044134089917,0.379903127582963
"946",1835.04839999995,26.8909935346029,0.393323001971762
"947",1835.20079999995,26.8769408441059,0.407375692468769
"948",1835.35319999995,26.862272134977,0.422044401597603
"949",1835.50559999995,26.8470042046927,0.437312331881884
"950",1835.65799999995,26.8311538507294,0.453162685845246
"951",1835.81039999995,26.8147378705633,0.469578666011309
"952",1835.96279999995,26.7977730616709,0.486543474903691
"953",1836.11519999995,26.7802762215286,0.409643750908192
"954",1836.26759999995,26.7622641476127,0.4276558248241
"955",1836.41999999995,26.7437536373996,0.446166335037201
"956",1836.57239999995,26.7247614883657,0.465158484071118
"957",1836.72479999995,26.7053044979873,0.48461547444948
"958",1836.87719999995,26.6853994637409,0.504520508695915
"959",1837.02959999995,26.6650631831028,0.430786812498095
"960",1837.18199999995,26.6443124535493,0.451537542051533
"961",1837.33439999995,26.6233382676535,0.472511727947406
"962",1837.48679999995,26.6022934763713,0.493556519229546
"963",1837.63919999995,26.5811376647542,0.514712330846635
"964",1837.79159999995,26.5598304178535,0.442275058307057
"965",1837.94399999995,26.5383313207205,0.463774155440071
"966",1838.09639999995,26.5165999584065,0.485505517754071
"967",1838.24879999995,26.4945959159628,0.507509560197732
"968",1838.40119999995,26.4722787784408,0.529826697719741
"969",1838.55359999995,26.4496081308918,0.459077157227057
"970",1838.70599999995,26.4265435583671,0.482141729751781
"971",1838.85839999995,26.403044645918,0.505640642200888
"972",1839.01079999994,26.3790709785958,0.529614309523048
"973",1839.16319999994,26.3545821414519,0.461006167922445
"974",1839.31559999994,26.3295377195376,0.486050589836758
"975",1839.46799999994,26.3038972979042,0.511691011470177
"976",1839.62039999994,26.277620461603,0.445192960104837
"977",1839.77279999994,26.2506667956853,0.472146626022482
"978",1839.92519999994,26.2229958852026,0.499817536505262
"979",1840.07759999994,26.194567315206,0.435792195562822
"980",1840.22999999994,26.1653406707469,0.465018840021909
"981",1840.38239999994,26.1352755368766,0.495083973892172
"982",1840.53479999994,26.105126508453,0.433098957609129
"983",1840.68719999994,26.0756167173413,0.462608748720818
"984",1840.83959999994,26.0466585541041,0.491566911958063
"985",1840.99199999994,26.0181644093038,0.428245771631023
"986",1841.14439999994,25.9900466735029,0.456363507431874
"987",1841.29679999994,25.962217737264,0.392694815298306
"988",1841.44919999994,25.9345899911496,0.420322561412718
"989",1841.60159999994,25.9070758257222,0.447836726840155
"990",1841.75399999994,25.8795876315442,0.384143850391709
"991",1841.90639999994,25.8520377991783,0.411693682757647
"992",1842.05879999994,25.8243387191869,0.348527154662129
"993",1842.21119999994,25.7964027821325,0.376463091716538
"994",1842.36359999994,25.7681423785776,0.314172258306449
"995",1842.51599999994,25.7394698990847,0.34284473779929
"996",1842.66839999994,25.7102977342164,0.28177894918311
"997",1842.82079999994,25.6805382745352,0.311538408864354
"998",1842.97319999994,25.6501039106035,0.252047018913572
"999",1843.12559999994,25.6189070329839,0.193629262124144
"1000",1843.27799999994,25.5868600322389,0.225676262869165
"1001",1843.43039999994,25.553875298931,0.169356404849896
"1002",1843.58279999994,25.5198652236226,0.114370859245266
"1003",1843.73519999994,25.4857039720759,0.0598443913368918
"1004",1843.88759999994,25.4522772534015,0.00489022675594342
"1005",1844.03999999994,25.4195147731849,0.037652706972537
"1006",1844.19239999994,25.3873462370117,0.018253865482567
"1007",1844.34479999994,25.3557013504675,0.161846100252951
"1008",1844.49719999994,25.3245098191378,0.21781868644177
"1009",1844.64959999994,25.2937013486082,0.360434799472252
"1010",1844.80199999994,25.2632056444644,0.587832437937298
"1011",1844.95439999994,25.2329524122917,0.577203961028104
"1012",1845.10679999994,25.2028713576758,0.566747661675706
"1013",1845.25919999994,25.1728921862024,0.556393245465678
"1014",1845.41159999994,25.1429446034568,0.546070417983579
"1015",1845.56399999994,25.1129583150247,0.535708884814969
"1016",1845.71639999994,25.0828630264917,0.525238351545422
"1017",1845.86879999994,25.0525884434434,0.514588523760498
"1018",1846.02119999994,25.0220642714652,0.503689107045762
"1019",1846.17359999994,24.9912202161427,0.492469806986769
"1020",1846.32599999994,24.9599859830616,0.480860329169101
"1021",1846.47839999994,24.9282912778073,0.468790379178309
"1022",1846.63079999994,24.8960658059655,0.456189662599964
"1023",1846.78319999994,24.8632392731217,0.442987885019626
"1024",1846.93559999994,24.8302222313755,0.429595598536796
"1025",1847.08799999994,24.797470512079,0.416468634503808
"1026",1847.24039999994,24.7649817396973,0.403604617385547
"1027",1847.39279999994,24.7327535386952,0.391001171646856
"1028",1847.54519999994,24.7007835335375,0.37865592175261
"1029",1847.69759999994,24.669069348689,0.366566492167653
"1030",1847.84999999994,24.6376086086148,0.354730507356862
"1031",1848.00239999994,24.6063989377796,0.343145591785088
"1032",1848.15479999994,24.5754379606482,0.331809369917185
"1033",1848.30719999994,24.5447233016856,0.320719466218026
"1034",1848.45959999994,24.5142525853566,0.309873505152478
"1035",1848.61199999994,24.484023436126,0.299269111185374
"1036",1848.76439999994,24.4540334784588,0.288903908781599
"1037",1848.91679999994,24.4242803368197,0.278775522406004
"1038",1849.06919999994,24.3947616356737,0.268881576523452
"1039",1849.22159999994,24.3654749994856,0.259219695598798
"1040",1849.37399999994,24.3364180527203,0.249787504096911
"1041",1849.52639999994,24.3075884198426,0.240582626482652
"1042",1849.67879999994,24.2789837253173,0.231602687220864
"1043",1849.83119999994,24.2506015936094,0.222845310776428
"1044",1849.98359999994,24.2224396491837,0.214308121614199
"1045",1850.13599999994,24.1944955165051,0.205988744199026
"1046",1850.28839999994,24.1665782390202,0.197696221977601
"1047",1850.44079999994,24.1385258086138,0.18926854683459
"1048",1850.59319999994,24.1103792724076,0.180746765891861
"1049",1850.74559999994,24.0821796775235,0.172171926271261
"1050",1850.89799999994,24.0539680710835,0.163585075094669
"1051",1851.05039999994,24.0257855002093,0.155027259483951
"1052",1851.20279999994,23.9976730120228,0.146539526560954
"1053",1851.35519999994,23.969671653646,0.138162923447549
"1054",1851.50759999994,23.9418224722006,0.129938497265595
"1055",1851.65999999994,23.9141665148085,0.121907295136957
"1056",1851.81239999994,23.8867448285916,0.1141103641835
"1057",1851.96479999994,23.8595984606717,0.106588751527081
"1058",1852.11719999994,23.8327684581707,0.0993835042895661
"1059",1852.26959999994,23.8062958682105,0.092535669592813
"1060",1852.42199999994,23.7802217379129,0.0860862945586902
"1061",1852.57439999994,23.7545871143998,0.0800764263090556
"1062",1852.72679999994,23.7294330447931,0.0745471119657708
"1063",1852.87919999994,23.7048005762146,0.0695393986507007
"1064",1853.03159999994,23.6807307557861,0.0650943334857139
"1065",1853.18399999994,23.6572646306296,0.0612529635926577
"1066",1853.33639999994,23.6344432478669,0.0580563360934079
"1067",1853.48879999994,23.6118959027046,0.0551337461945423
"1068",1853.64119999994,23.5892397571876,0.0521023559409635
"1069",1853.79359999994,23.5664976586952,0.0489850127120484
"1070",1853.94599999994,23.5436924546068,0.0458045638871418
"1071",1854.09839999994,23.5208469923018,0.0425838568456172
"1072",1854.25079999994,23.4979841191596,0.0393457389668264
"1073",1854.40319999994,23.4751266825594,0.0361130576301321
"1074",1854.55559999994,23.4522975298807,0.0329086602148969
"1075",1854.70799999994,23.4295195085029,0.0297553941004693
"1076",1854.86039999994,23.4068154658052,0.0266761066662298
"1077",1855.01279999994,23.384208249167,0.0236936452915302
"1078",1855.16519999994,23.3617207059677,0.0208308573557225
"1079",1855.31759999994,23.3393756835867,0.0181105902381731
"1080",1855.46999999994,23.3171960294034,0.0155556913182409
"1081",1855.62239999994,23.2952045907969,0.0131890079752957
"1082",1855.77479999994,23.2734242151469,0.0110333875886752
"1083",1855.92719999994,23.2518777498325,0.00911167753776354
"1084",1856.07959999994,23.2305880422332,0.00744672520191969
"1085",1856.23199999994,23.2095779397283,0.006061377960485
"1086",1856.38439999994,23.1888702896972,0.00497848319282923
"1087",1856.53679999994,23.1684879395192,0.00422088827831857
"1088",1856.68919999994,23.1484537365738,0.00381144059630856
"1089",1856.84159999994,23.1285974316826,0.00357989096864486
"1090",1856.99399999994,23.1087347604311,0.00334197498060007
"1091",1857.14639999994,23.0888675473438,0.00309951715668788
"1092",1857.29879999994,23.0689976169451,0.00285434202141488
"1093",1857.45119999994,23.0491267937595,0.00260827409930187
"1094",1857.60359999994,23.0292569023116,0.00236313791485543
"1095",1857.75599999994,23.0093897671258,0.00212075799258216
"1096",1857.90839999994,22.9895272127268,0.00188295885699929
"1097",1858.06079999994,22.969671063639,0.00165156503262054
"1098",1858.21319999994,22.9498231443868,0.00142840104394892
"1099",1858.36559999994,22.9299852794949,0.00121529141550525
"1100",1858.51799999994,22.9101592934878,0.00101406067179965
"1101",1858.67039999994,22.8903470108899,0.000826533337331625
"1102",1858.82279999994,22.8705502562257,0.000654533936629065
"1103",1858.97519999994,22.8507708540198,0.000499886994195009
"1104",1859.12759999994,22.8310106287967,0.000364417034543152
"1105",1859.27999999994,22.8112714050809,0.000249948582180082
"1106",1859.43239999994,22.7915550073969,0.000158306161623045
"1107",1859.58479999994,22.7718632602692,9.13142973821834e-05
"1108",1859.73719999994,22.7521979882223,5.07975139640848e-05
"1109",1859.88959999994,22.7325610157808,3.8580335885996e-05
"1110",1860.04199999994,22.7129771075307,7.9427349277239e-05
"1111",1860.19439999994,22.6934667429059,0.000193817987913292
"1112",1860.34679999994,22.6740253187023,0.000377149047807279
"1113",1860.49919999994,22.654648231716,0.00062481732495101
"1114",1860.65159999994,22.635330878743,0.000932219615361163
"1115",1860.80399999994,22.6160686565792,0.00129475271502955
"1116",1860.95639999994,22.5968569620206,0.00170781341996573
"1117",1861.10879999994,22.5776911918634,0.00216679852616508
"1118",1861.26119999994,22.5585667429034,0.00266710482963006
"1119",1861.41359999994,22.5394790119367,0.0032041291263738
"1120",1861.56599999994,22.5204233957592,0.0037732682123881
"1121",1861.71839999994,22.5013952911671,0.00436991888367899
"1122",1861.87079999994,22.4823900949562,0.00498947793625248
"1123",1862.02319999994,22.4634032039226,0.00562734216610394
"1124",1862.17559999994,22.4444300148623,0.00627890836923939
"1125",1862.32799999994,22.4254659245712,0.00693957334165773
"1126",1862.48039999994,22.4065063298455,0.00760473387936855
"1127",1862.63279999994,22.387546627481,0.00826978677837786
"1128",1862.78519999994,22.3685822142739,0.00893012883467037
"1129",1862.93759999994,22.34960848702,0.00958115684426275
"1130",1863.08999999994,22.3306208425155,0.010218267603161
"1131",1863.24239999994,22.3116146775562,0.0108368579073534
"1132",1863.39479999994,22.2928720161875,0.0117189518021412
"1133",1863.54719999994,22.2746535427313,0.0131252336094043
"1134",1863.69959999994,22.2569226443984,0.0150190905399761
"1135",1863.85199999994,22.2396427083997,0.017363909804704
"1136",1864.00439999994,22.222777121946,0.0201230786144642
"1137",1864.15679999994,22.2062892722482,0.0232599841800898
"1138",1864.30919999994,22.1901425465171,0.0267380137124391
"1139",1864.46159999994,22.1743003319636,0.0305205544223668
"1140",1864.61399999994,22.1587260157985,0.0345709935207204
"1141",1864.76639999994,22.1433829852326,0.0388527182183545
"1142",1864.91879999994,22.1282346274769,0.0433291157261202
"1143",1865.07119999994,22.1132443297422,0.0479635732548687
"1144",1865.22359999994,22.0983754792394,0.0527194780154581
"1145",1865.37599999994,22.0835914631792,0.0575602172187288
"1146",1865.52839999994,22.0688556687725,0.0624491780755463
"1147",1865.68079999994,22.0541314832303,0.0673497477967544
"1148",1865.83319999994,22.0393822937633,0.0722253135932043
"1149",1865.98559999993,22.0245714875824,0.0770392626757577
"1150",1866.13799999993,22.0096624518984,0.0817549822552586
"1151",1866.29039999993,21.9946185739223,0.0863358595425616
"1152",1866.44279999993,21.9794032408648,0.0907452817485108
"1153",1866.59519999993,21.9646013526136,0.0955681487607727
"1154",1866.74759999993,21.9507808539716,0.101372405382254
"1155",1866.89999999993,21.9378796995226,0.108096006196689
"1156",1867.05239999993,21.9258358438502,0.115676905787819
"1157",1867.20479999993,21.9145872415384,0.124053058739388
"1158",1867.35719999993,21.9040718471707,0.133162419635134
"1159",1867.50959999993,21.8942276153309,0.142942943058795
"1160",1867.66199999993,21.8849925006027,0.153332583594107
"1161",1867.81439999993,21.87630445757,0.164269295824813
"1162",1867.96679999993,21.8681014408164,0.175691034334662
"1163",1868.11919999993,21.8603214049256,0.187535753707373
"1164",1868.27159999993,21.8529023044815,0.199741408526702
"1165",1868.42399999993,21.8457820940677,0.212245953376378
"1166",1868.57639999993,21.838898728268,0.224987342840155
"1167",1868.72879999993,21.8321901616662,0.237903531501757
"1168",1868.88119999993,21.8255943488459,0.250932473944925
"1169",1869.03359999993,21.8190492443909,0.264012124753403
"1170",1869.18599999993,21.812492802885,0.277080438510943
"1171",1869.33839999993,21.8058629789118,0.290075369801261
"1172",1869.49079999993,21.7990977270552,0.302934873208113
"1173",1869.64319999993,21.7921350018989,0.315596903315225
"1174",1869.79559999993,21.7855016256916,0.328588282371413
"1175",1869.94799999993,21.7797418668485,0.342453278791755
"1176",1870.10039999993,21.7748198492027,0.357156016409409
"1177",1870.25279999993,21.7706996965874,0.372660619057527
"1178",1870.40519999993,21.7673455328357,0.388931210569275
"1179",1870.55759999993,21.7647214817807,0.405931914777813
"1180",1870.70999999993,21.7627916672558,0.423626855516293
"1181",1870.86239999993,21.7615202130939,0.441980156617863
"1182",1871.01479999993,21.7608712431283,0.460955941915692
"1183",1871.16719999993,21.7608088811921,0.480518335242945
"1184",1871.31959999993,21.7612972511184,0.500631460432764
"1185",1871.47199999993,21.7623004767405,0.521259441318314
"1186",1871.62439999993,21.7637826818915,0.54236640173275
"1187",1871.77679999993,21.7657079904045,0.563916465509234
"1188",1871.92919999993,21.7680405261127,0.585873756480915
"1189",1872.08159999993,21.7707444128493,0.608202398480959
"1190",1872.23399999993,21.7737837744474,0.630866515342522
"1191",1872.38639999993,21.7771227347402,0.653830230898759
"1192",1872.53879999993,21.7807254175608,0.67705766898283
"1193",1872.69119999993,21.7845559467424,0.700512953427893
"1194",1872.84359999993,21.7885784461182,0.724160208067097
"1195",1872.99599999993,21.7928120152306,0.748018532442956
"1196",1873.14839999993,21.7973169426466,0.772148215122421
"1197",1873.30079999993,21.8021191357361,0.79657516347535
"1198",1873.45319999993,21.8072445018688,0.821325284871577
"1199",1873.60559999993,21.8127189484148,0.846424486680977
"1200",1873.75799999993,21.8185683827437,0.779484219462589
"1201",1873.91039999993,21.8248187122255,0.785734548944397
"1202",1874.06279999993,21.8314958442301,0.719369271863741
"1203",1874.21519999993,21.8386256861271,0.726499113760816
"1204",1874.36759999993,21.8462341452866,0.660811578960256
"1205",1874.51999999993,21.8543471290784,0.668924562752004
"1206",1874.67239999993,21.8629905448722,0.604017519328028
"1207",1874.82479999993,21.872190300038,0.613217274493838
"1208",1874.97719999993,21.8819723019457,0.549193468486472
"1209",1875.12959999993,21.8923624579649,0.559583624505752
"1210",1875.28199999993,21.9033866754657,0.496545798887926
"1211",1875.43439999993,21.9150708618179,0.508229985240067
"1212",1875.58679999993,21.9274409243912,0.446280879907004
"1213",1875.73919999993,21.9405227705556,0.459362726071415
"1214",1875.89159999993,21.9543423076809,0.398605077829906
"1215",1876.04399999993,21.968925443137,0.413188213285988
"1216",1876.19639999993,21.9842980842937,0.353724755843693
"1217",1876.34879999993,21.9999302687461,0.369356940296072
"1218",1876.50119999993,22.0153191638799,0.309649924717142
"1219",1876.65359999993,22.0305313717509,0.324862132588191
"1220",1876.80599999993,22.045633494415,0.339964255252283
"1221",1876.95839999993,22.060692133928,0.279666269936438
"1222",1877.11079999993,22.0757738923457,0.294748028354103
"1223",1877.26319999993,22.0909453717239,0.234301263653521
"1224",1877.41559999993,22.1062731741183,0.249629066048012
"1225",1877.56799999993,22.121823901585,0.189299021909719
"1226",1877.72039999993,22.1376641561796,0.205139276504312
"1227",1877.87279999993,22.1538605399579,0.145191449722038
"1228",1878.02519999993,22.1704796549759,0.161810564739994
"1229",1878.17759999993,22.1875881032893,0.178919013053353
"1230",1878.32999999993,22.2052524869538,0.120174832607766
"1231",1878.48239999993,22.2235394080255,0.13846175367939
"1232",1878.63479999993,22.2425154685599,0.0807639787851429
"1233",1878.78719999993,22.2622472706131,0.10049578083829
"1234",1878.93959999993,22.2828014162407,0.121049926465936
"1235",1879.09199999993,22.3042445074987,0.0655529900212706
"1236",1879.24439999993,22.3266431464427,0.0879516289653388
"1237",1879.39679999993,22.3500639351287,0.0341652735222517
"1238",1879.54919999993,22.3738755451104,0.0579768835039438
"1239",1879.70159999993,22.3974324667542,0.0815338051476893
"1240",1879.85399999993,22.4207800303347,0.0274061808115995
"1241",1880.00639999993,22.4439635661268,0.0505897166036995
"1242",1880.15879999993,22.4670284044052,0.00408960740271525
"1243",1880.31119999993,22.4900198754447,0.0189018636367564
"1244",1880.46359999993,22.51298330952,0.0418652977120288
"1245",1880.61599999993,22.5359640369058,0.0131680453664877
"1246",1880.76839999993,22.559007387877,0.00987530560464833
"1247",1880.92079999993,22.5821586927082,0.0330266104358437
"1248",1881.07319999993,22.6054632816742,0.0219537162953642
"1249",1881.22559999993,22.6289664850497,0.00154948708020441
"1250",1881.37799999993,22.6527136331096,0.0532600660965166
"1251",1881.53039999993,22.6767500561285,0.0292236430775787
"1252",1881.68279999993,22.7011210843813,0.00485261482483779
"1253",1881.83519999993,22.7258720481426,0.0589310814105488
"1254",1881.98759999993,22.7510482776872,0.0337548518659325
"1255",1882.13999999993,22.7766951032899,0.00810802626324758
"1256",1882.29239999993,22.8028578552254,0.0610483806320907
"1257",1882.44479999993,22.8295818637684,0.0343243720890349
"1258",1882.59719999993,22.8569124591938,0.00699377666365919
"1259",1882.74959999993,22.8845553697068,0.0587285985464021
"1260",1882.90199999993,22.9121880751371,0.0310958931161878
"1261",1883.05439999993,22.9398135331955,0.00347043505771083
"1262",1883.20679999993,22.9674347015933,0.0555025785797838
"1263",1883.35919999993,22.9950545380416,0.0278827421315668
"1264",1883.51159999993,23.0226760002513,0.000261279921872415
"1265",1883.66399999993,23.0503020459335,0.052565082426451
"1266",1883.81639999993,23.0779356327993,0.0249314955605939
"1267",1883.96879999993,23.1055797185599,0.00271259019995185
"1268",1884.12119999993,23.1332372609262,0.0498372119518606
"1269",1884.27359999993,23.1609112176093,0.0221632552687261
"1270",1884.42599999993,23.1886045463204,0.00553007344231915
"1271",1884.57839999993,23.2163202047704,0.0472400723545761
"1272",1884.73079999993,23.2440611506705,0.0194991264545123
"1273",1884.88319999993,23.2718303417316,0.00827006460665913
"1274",1885.03559999993,23.299630735665,0.0446947721778095
"1275",1885.18799999993,23.3274652901816,0.0168602176611934
"1276",1885.34039999993,23.3553369629926,0.011011455149756
"1277",1885.49279999993,23.3832487118089,0.0421224233210928
"1278",1885.64519999993,23.4112034943417,0.0141676407882798
"1279",1885.79759999993,23.4392042683021,0.0138331331720778
"1280",1885.94999999993,23.4672496483733,0.0394484840795997
"1281",1886.10239999993,23.4953339477347,0.0113641847182748
"1282",1886.25479999993,23.5234536718409,0.0167555393879155
"1283",1886.40719999993,23.5516053261467,0.0367021505109371
"1284",1886.55959999993,23.579785416107,0.00852206055064286
"1285",1886.71199999993,23.6079904471765,0.0196829705189003
"1286",1886.86439999993,23.6362169248101,0.0339832231712869
"1287",1887.01679999993,23.6644613544625,0.0057387935188693
"1288",1887.16919999993,23.6927202415886,0.0225200936071808
"1289",1887.32159999993,23.7209900916431,0.0313870384217374
"1290",1887.47399999993,23.7492674100807,0.00310971998404597
"1291",1887.62639999993,23.7775487023565,0.0251715722916579
"1292",1887.77879999993,23.805830473925,0.0290089360382808
"1293",1887.93119999993,23.8341092302411,0.0007301797221686
"1294",1888.08359999993,23.8623814767596,0.0275420667963431
"1295",1888.23599999993,23.8906437189353,0.0269442592237326
"1296",1888.38839999993,23.918892462223,0.00130448406395089
"1297",1888.54079999993,23.9471242120774,0.0295362339184173
"1298",1888.69319999993,23.9753354739535,0.0577474957944517
"1299",1888.84559999993,24.0035227533059,0.00289892473278996
"1300",1888.99799999993,24.0316825555895,0.0310587270163616
"1301",1889.15039999993,24.059811386259,0.0591875576858882
"1302",1889.30279999993,24.0879322587104,0.00398430013335371
"1303",1889.45519999993,24.1160694571953,0.0321214986182206
"1304",1889.60759999993,24.1442213934517,0.0602734348745884
"1305",1889.75999999993,24.1723864792176,0.00482511021240839
"1306",1889.91239999993,24.2005631262312,0.0330017572260424
"1307",1890.06479999993,24.2287497462307,0.0611883772254522
"1308",1890.21719999993,24.2569447509539,0.00547968678754174
"1309",1890.36959999993,24.2851465521391,0.0336814879727498
"1310",1890.52199999993,24.3133535615244,0.061888497357991
"1311",1890.67439999993,24.3415641908477,0.00590413899158548
"1312",1890.82679999993,24.3697768518473,0.034116799991164
"1313",1890.97919999993,24.3979899562612,0.0623299044050469
"1314",1891.13159999993,24.4262019158275,0.00605457245852037
"1315",1891.28399999993,24.4544111422842,0.0342637989152692
"1316",1891.43639999993,24.4826160473695,0.0624687040005867
"1317",1891.58879999993,24.5108150428215,0.00588708931137916
"1318",1891.74119999993,24.5390065403782,0.0340785868680982
"1319",1891.89359999993,24.5671889517778,0.0622609982676536
"1320",1892.04599999993,24.5953606887583,0.00535778815006793
"1321",1892.19839999993,24.6235201630578,0.0335172624495534
"1322",1892.35079999993,24.6516657864143,0.0616628858061361
"1323",1892.50319999993,24.6798053290304,0.0044321225033066
"1324",1892.65559999993,24.7079474652415,0.0325742587144191
"1325",1892.80799999992,24.7360919629857,0.0607187564586411
"1326",1892.96039999992,24.7642385902011,0.00319869352282609
"1327",1893.11279999992,24.7923871148256,0.0313472181473813
"1328",1893.26519999992,24.8205373047974,0.0594974081191531
"1329",1893.41759999992,24.8486889280544,0.00168492802115239
"1330",1893.56999999992,24.8768417525347,0.0298377525014573
"1331",1893.72239999992,24.9049955461763,0.0579915461430787
"1332",1893.87479999992,24.9331500769173,0.000116472218671504
"1333",1894.02719999992,24.9613051126957,0.02803856355969
"1334",1894.17959999992,24.9894604214495,0.0561938723134681
"1335",1894.33199999992,25.0176157711167,0.0022128089983191
"1336",1894.48439999992,25.0457709296354,0.025942349520399
"1337",1894.63679999992,25.0739256649436,0.0540970848286371
"1338",1894.78919999992,25.1020797449794,0.00461138771659009
"1339",1894.94159999992,25.1302329376808,0.0235418049847951
"1340",1895.09399999992,25.1583850109858,0.0516938782898002
"1341",1895.24639999992,25.1865357328325,0.00731951738202241
"1342",1895.39879999992,25.2146848711588,0.0208296209443226
"1343",1895.55119999992,25.2428321939029,0.0489769436883947
"1344",1895.70359999992,25.2709803120524,0.0103416675756627
"1345",1895.85599999992,25.2991318392063,0.0178098595782217
"1346",1896.00839999992,25.3272865472195,0.0459645675913904
"1347",1896.16079999992,25.3554442079468,0.0136481635822818
"1348",1896.31319999992,25.3836045932433,0.0145122217141633
"1349",1896.46559999992,25.4117674749637,0.0454000051937022
"1350",1896.61799999992,25.439932624963,0.0172348551943742
"1351",1896.77039999992,25.4680998150961,0.0109323349387473
"1352",1896.92279999992,25.496268817218,0.0492795461948354
"1353",1897.07519999992,25.5244394031834,0.021108960229423
"1354",1897.22759999992,25.5526113448473,0.00706298143449402
"1355",1897.37999999992,25.5807844140646,0.053451668803298
"1356",1897.53239999992,25.6089583826902,0.0252777001776785
"1357",1897.68479999992,25.637133022579,0.0860986812018112
"1358",1897.83719999992,25.665308105586,0.0579235981948827
"1359",1897.98959999992,25.6934834035659,0.0297483002149406
"1360",1898.14199999992,25.7216586883738,0.0908776067342885
"1361",1898.29439999992,25.7498337318644,0.0627025632436222
"1362",1898.44679999992,25.7780083058928,0.124142623624266
"1363",1898.59919999992,25.8061821823138,0.0959687472032691
"1364",1898.75159999992,25.8343551329823,0.0677957965347638
